Sr.No,Symbol,Segment,Quantity Traded,Deliverable Quantity,% of Deliverable Quantity
1,20MICRONS,EQ,17957,11387,63.41
2,21STCENMGM,EQ,27,27,100.00
3,3IINFOTECH,EQ,1883857,1146132,60.84
4,3MINDIA,EQ,1825,757,41.48
5,3PLAND,EQ,500,500,100.00
6,5PAISA,EQ,20000,11714,58.57
7,716GS2050,GS,100,100,100.00
8,719GS2060,GS,101,101,100.00
9,75GS2034,GS,220,220,100.00
10,A2ZINFRA,EQ,69393,50463,72.72
11,AAKASH,SM,6000,6000,100.00
12,AARTIDRUGS,EQ,158918,57448,36.15
13,AARTIIND,EQ,452080,141158,31.22
14,AARVEEDEN,EQ,4924,3716,75.47
15,AARVI,SM,4000,4000,100.00
16,AAVAS,EQ,13866,6353,45.82
17,ABB,EQ,126840,65853,51.92
18,ABBOTINDIA,EQ,9692,5044,52.04
19,ABCAPITAL,EQ,4304414,515350,11.97
20,ABFRL,EQ,3112451,866421,27.84
21,ABSLBANETF,EQ,821,495,60.29
22,ABSLNN50ET,EQ,196,140,71.43
23,ABSLRIF6RG,MF,5000,5000,100.00
24,ACC,EQ,1632263,273644,16.76
25,ACCELYA,EQ,2941,1340,45.56
26,ACE,EQ,79831,47676,59.72
27,ADANIENT,EQ,2449109,595562,24.32
28,ADANIGAS,EQ,4406548,1053958,23.92
29,ADANIGREEN,EQ,495551,322011,64.98
30,ADANIPORTS,EQ,3428549,891323,26.00
31,ADANIPOWER,EQ,13601869,3192369,23.47
32,ADANITRANS,EQ,575536,372146,64.66
33,ADFFOODS,EQ,94930,51864,54.63
34,ADHUNIKIND,EQ,48167,40242,83.55
35,ADORWELD,EQ,3243,1341,41.35
36,ADSL,EQ,11053,7910,71.56
37,ADVANIHOTR,EQ,2360,1392,58.98
38,ADVENZYMES,EQ,60991,35450,58.12
39,AEGISCHEM,EQ,62689,46244,73.77
40,AGARIND,EQ,35632,25126,70.52
41,AGROPHOS,EQ,40200,40200,100.00
42,AHLADA,SM,9000,4000,44.44
43,AHLEAST,EQ,4946,913,18.46
44,AHLUCONT,EQ,1930,1521,78.81
45,AIAENG,EQ,42951,35459,82.56
46,AIRAN,EQ,34872,24065,69.01
47,AJANTPHARM,EQ,225860,47553,21.05
48,AJMERA,EQ,32041,16218,50.62
49,AKSHARCHEM,EQ,14099,7723,54.78
50,AKSHOPTFBR,EQ,73483,48298,65.73
51,AKZOINDIA,EQ,5494,3022,55.01
52,ALANKIT,EQ,29615,21396,72.25
53,ALBERTDAVD,EQ,54574,18917,34.66
54,ALEMBICLTD,EQ,425885,222897,52.34
55,ALICON,EQ,454,340,74.89
56,ALKALI,EQ,5472,4221,77.14
57,ALKEM,EQ,94050,42525,45.22
58,ALKYLAMINE,EQ,61807,27306,44.18
59,ALLCARGO,EQ,47490,25847,54.43
60,ALLSEC,EQ,6252,5542,88.64
61,ALMONDZ,EQ,3839,3281,85.46
62,ALOKINDS,EQ,6739340,3743737,55.55
63,ALPA,EQ,21750,16066,73.87
64,ALPHAGEO,EQ,32570,23763,72.96
65,AMARAJABAT,EQ,4067306,228589,5.62
66,AMBER,EQ,57077,29953,52.48
67,AMBIKCO,EQ,1140,747,65.53
68,AMBUJACEM,EQ,6953579,2429612,34.94
69,AMDIND,EQ,14362,11948,83.19
70,AMJLAND,EQ,3980,3780,94.97
71,AMJUMBO,SM,16000,16000,100.00
72,AMRUTANJAN,EQ,37150,20597,55.44
73,ANANTRAJ,EQ,77112,42224,54.76
74,ANDHRAPAP,EQ,4776,2610,54.65
75,ANDHRSUGAR,EQ,25335,17814,70.31
76,ANKITMETAL,EQ,374,361,96.52
77,ANSALHSG,EQ,15549,12555,80.74
78,ANUP,EQ,8869,7870,88.74
79,APARINDS,EQ,3180,1473,46.32
80,APCL,EQ,14940,6682,44.73
81,APCOTEXIND,EQ,27839,14831,53.27
82,APEX,EQ,83989,35084,41.77
83,APLAPOLLO,EQ,37057,13407,36.18
84,APLLTD,EQ,808034,307043,38.00
85,APOLLO,EQ,79914,34447,43.11
86,APOLLOHOSP,EQ,775353,171684,22.14
87,APOLLOPIPE,EQ,42902,17877,41.67
88,APOLLOTYRE,EQ,6964251,821425,11.79
89,APOLSINHOT,EQ,268,23,8.58
90,APTECHT,EQ,119770,44018,36.75
91,ARCHIDPLY,EQ,6922,5134,74.17
92,ARENTERP,EQ,36,36,100.00
93,ARIES,EQ,17563,10637,60.56
94,ARIHANT,EQ,877,701,79.93
95,ARIHANTSUP,EQ,2354,1376,58.45
96,ARMANFIN,EQ,29669,17971,60.57
97,AROGRANITE,EQ,13415,11751,87.60
98,ARTEMISMED,EQ,1959,1224,62.48
99,ARVIND,EQ,2546666,449259,17.64
100,ARVINDFASN,EQ,316873,278147,87.78
101,ARVSMART,EQ,15166,11548,76.14
102,ASAHIINDIA,EQ,16393,6733,41.07
103,ASAHISONG,EQ,2411,1412,58.56
104,ASAL,EQ,6814,6625,97.23
105,ASALCBR,EQ,154794,77311,49.94
106,ASCOM,SM,4000,4000,100.00
107,ASHAPURMIN,EQ,75067,69262,92.27
108,ASHIANA,EQ,14441,10749,74.43
109,ASHOKA,EQ,111314,67294,60.45
110,ASHOKLEY,EQ,29579130,7329867,24.78
111,ASIANHOTNR,EQ,89283,39378,44.10
112,ASIANPAINT,EQ,5203737,1594454,30.64
113,ASIANTILES,EQ,59978,20405,34.02
114,ASTEC,EQ,224521,60523,26.96
115,ASTERDM,EQ,344142,134271,39.02
116,ASTRAL,EQ,68214,28691,42.06
117,ASTRAMICRO,EQ,56082,25573,45.60
118,ASTRAZEN,EQ,151730,28267,18.63
119,ASTRON,EQ,8425,7105,84.33
120,ATFL,EQ,1355,700,51.66
121,ATLANTA,EQ,42592,33500,78.65
122,ATUL,EQ,15476,8377,54.13
123,ATULAUTO,EQ,112183,107986,96.26
124,AUBANK,EQ,800996,534716,66.76
125,AURIONPRO,EQ,4610,2925,63.45
126,AUROPHARMA,EQ,5086125,782719,15.39
127,AUTOAXLES,EQ,19515,6456,33.08
128,AUTOLITIND,EQ,1037,794,76.57
129,AVADHSUGAR,EQ,54365,34876,64.15
130,AVANTIFEED,EQ,254636,104535,41.05
131,AVTNPL,EQ,54659,34079,62.35
132,AXISBANK,EQ,48368474,15450047,31.94
133,AXISCADES,EQ,24116,17194,71.30
134,AXISGOLD,EQ,1429,638,44.65
135,AXISNIFTY,EQ,11,11,100.00
136,AYMSYNTEX,EQ,10784,9640,89.39
137,BABAFOOD,SM,2000,2000,100.00
138,BAJAJ-AUTO,EQ,1328369,440828,33.19
139,BAJAJCON,EQ,98241,68753,69.98
140,BAJAJELEC,EQ,52133,15285,29.32
141,BAJAJFINSV,EQ,2725018,486592,17.86
142,BAJAJHIND,EQ,2351076,1421269,60.45
143,BAJAJHLDNG,EQ,194719,138407,71.08
144,BAJFINANCE,EQ,16195152,3491621,21.56
145,BALAJITELE,EQ,43262,31517,72.85
146,BALAMINES,EQ,86077,22160,25.74
147,BALKRISHNA,EQ,4906,4112,83.82
148,BALKRISIND,EQ,784410,178981,22.82
149,BALLARPUR,EQ,641302,584562,91.15
150,BALMLAWRIE,EQ,57504,33638,58.50
151,BALRAMCHIN,EQ,1282213,757868,59.11
152,BANARBEADS,EQ,1,1,100.00
153,BANARISUG,EQ,88,67,76.14
154,BANCOINDIA,EQ,54649,37763,69.10
155,BANDHANBNK,EQ,26939888,7670871,28.47
156,BANG,EQ,146,92,63.01
157,BANKBARODA,EQ,51975877,6483716,12.47
158,BANKBEES,EQ,1523636,530804,34.84
159,BANKINDIA,EQ,3541947,568000,16.04
160,BANSWRAS,EQ,14682,11200,76.28
161,BASF,EQ,75530,20116,26.63
162,BASML,EQ,428,288,67.29
163,BATAINDIA,EQ,1036091,223982,21.62
164,BAYERCROP,EQ,13577,8418,62.00
165,BBL,EQ,2527,1875,74.20
166,BBTC,EQ,15507,5788,37.33
167,BCG,EQ,1945525,1340900,68.92
168,BCONCEPTS,SM,6000,6000,100.00
169,BCP,EQ,23150,20641,89.16
170,BDL,EQ,32510,14664,45.11
171,BEARDSELL,EQ,4832,3860,79.88
172,BEDMUTHA,EQ,4149,4015,96.77
173,BEL,EQ,11478106,4315815,37.60
174,BEML,EQ,326443,54019,16.55
175,BEPL,EQ,201201,103552,51.47
176,BERGEPAINT,EQ,2053655,346456,16.87
177,BFINVEST,EQ,1841,756,41.06
178,BFUTILITIE,EQ,197597,147979,74.89
179,BGRENERGY,EQ,111136,62635,56.36
180,BHAGERIA,EQ,17666,7903,44.74
181,BHAGYANGR,EQ,1272,1086,85.38
182,BHAGYAPROP,EQ,250,250,100.00
183,BHANDARI,EQ,30620,14128,46.14
184,BHARATFORG,EQ,3357259,893665,26.62
185,BHARATRAS,EQ,712,457,64.19
186,BHARATWIRE,EQ,25955,22529,86.80
187,BHARTIARTL,EQ,11416299,3254632,28.51
188,BHEL,EQ,43983080,11541377,26.24
189,BIGBLOC,EQ,140,134,95.71
190,BIL,EQ,4067,2151,52.89
191,BILENERGY,EQ,857318,445121,51.92
192,BINDALAGRO,EQ,11483,9682,84.32
193,BIOCON,EQ,4965522,1423107,28.66
194,BIOFILCHEM,EQ,26874,21060,78.37
195,BIRLACABLE,EQ,16220,10569,65.16
196,BIRLACORPN,EQ,319256,185798,58.20
197,BIRLAMONEY,EQ,32816,17111,52.14
198,BLBLIMITED,EQ,11464,2861,24.96
199,BLISSGVS,EQ,53801,25788,47.93
200,BLS,EQ,16752,11314,67.54
201,BLUEDART,EQ,4047,2124,52.48
202,BLUESTARCO,EQ,45284,29034,64.12
203,BODALCHEM,EQ,259301,150109,57.89
204,BOHRA,ST,4000,4000,100.00
205,BOMDYEING,EQ,284515,111826,39.30
206,BORORENEW,EQ,66880,38044,56.88
207,BOSCHLTD,EQ,102227,13466,13.17
208,BPCL,EQ,8539075,2072938,24.28
209,BRIGADE,EQ,144716,84487,58.38
210,BRIGHT,SM,54000,45000,83.33
211,BRITANNIA,EQ,630580,271948,43.13
212,BRITANNIA,N2,12802,10812,84.46
213,BRNL,EQ,709,622,87.73
214,BSE,EQ,544827,225530,41.39
215,BSELINFRA,EQ,50,50,100.00
216,BSHSL,SM,1200,1200,100.00
217,BSL,EQ,947,491,51.85
218,BSLGOLDETF,EQ,827,738,89.24
219,BSLNIFTY,EQ,179,142,79.33
220,BSOFT,EQ,1383771,611315,44.18
221,BURNPUR,EQ,10168,10168,100.00
222,BUTTERFLY,EQ,23763,13630,57.36
223,BYKE,EQ,43525,23042,52.94
224,CADILAHC,EQ,4851553,825238,17.01
225,CAMLINFINE,EQ,110903,70508,63.58
226,CANBK,EQ,12424368,890341,7.17
227,CANFINHOME,EQ,294130,88567,30.11
228,CANTABIL,EQ,28872,5177,17.93
229,CAPACITE,EQ,19913,11545,57.98
230,CAPLIPOINT,EQ,31234,19312,61.83
231,CAPTRUST,EQ,1344,1212,90.18
232,CARBORUNIV,EQ,31504,23856,75.72
233,CAREERP,EQ,24872,19814,79.66
234,CARERATING,EQ,57021,27451,48.14
235,CASTROLIND,EQ,565157,223496,39.55
236,CCL,EQ,20651,14674,71.06
237,CDSL,EQ,359102,144025,40.11
238,CEATLTD,EQ,181831,22446,12.34
239,CEBBCO,EQ,17295,13185,76.24
240,CELEBRITY,EQ,7911,4455,56.31
241,CENTENKA,EQ,8343,6990,83.78
242,CENTEXT,EQ,24233,18452,76.14
243,CENTRALBK,EQ,777505,346679,44.59
244,CENTRUM,EQ,75230,54783,72.82
245,CENTUM,EQ,1303,934,71.68
246,CENTURYPLY,EQ,301333,189876,63.01
247,CENTURYTEX,EQ,1822006,392030,21.52
248,CERA,EQ,883,694,78.60
249,CESC,EQ,745432,135137,18.13
250,CESCVENT,EQ,35289,25391,71.95
251,CGCL,EQ,154385,18551,12.02
252,CGPOWER,EQ,1377219,925452,67.20
253,CHALET,EQ,226524,172679,76.23
254,CHAMBLFERT,EQ,1294872,629055,48.58
255,CHEMBOND,EQ,59193,23710,40.06
256,CHEMFAB,EQ,987,683,69.20
257,CHENNPETRO,EQ,638848,371486,58.15
258,CHOLAFIN,EQ,19823411,5641076,28.46
259,CHOLAHLDNG,EQ,21065,8919,42.34
260,CHROMATIC,EQ,17115,17115,100.00
261,CIGNITITEC,EQ,112640,85153,75.60
262,CIMMCO,EQ,1617,1537,95.05
263,CINELINE,EQ,5140,4038,78.56
264,CIPLA,EQ,10875625,2106119,19.37
265,CLEDUCATE,EQ,12102,9609,79.40
266,CLNINDIA,EQ,60715,36141,59.53
267,CMICABLES,EQ,23190,13129,56.61
268,COALINDIA,EQ,7129073,2289302,32.11
269,COCHINSHIP,EQ,332275,268932,80.94
270,COLPAL,EQ,1360020,395326,29.07
271,COMPINFO,EQ,63120,21689,34.36
272,CONCOR,EQ,1839883,446596,24.27
273,CONFIPET,EQ,68101,55666,81.74
274,CONSOFINVT,EQ,708,708,100.00
275,CONTROLPR,EQ,9692,7984,82.38
276,CORALFINAC,EQ,26781,19862,74.16
277,CORDSCABLE,EQ,1475,1105,74.92
278,COROMANDEL,EQ,1032531,627519,60.77
279,COSMOFILMS,EQ,135416,26590,19.64
280,COUNCODOS,EQ,32197,31596,98.13
281,CPSEETF,EQ,6638369,5858101,88.25
282,CREATIVE,EQ,168,151,89.88
283,CREDITACC,EQ,115295,80866,70.14
284,CREST,EQ,1582,756,47.79
285,CRISIL,EQ,3267,1255,38.41
286,CROMPTON,EQ,394648,226658,57.43
287,CSBBANK,EQ,134188,20886,15.56
288,CTE,EQ,741,256,34.55
289,CUB,EQ,1805744,1528925,84.67
290,CUMMINSIND,EQ,933192,174608,18.71
291,CUPID,EQ,22619,11726,51.84
292,CYBERTECH,EQ,29656,13329,44.95
293,CYIENT,EQ,552282,415676,75.27
294,DAAWAT,EQ,489012,224324,45.87
295,DABUR,EQ,3327014,1225340,36.83
296,DALBHARAT,EQ,764803,725325,94.84
297,DALMIASUG,EQ,94648,80518,85.07
298,DAMODARIND,EQ,224,212,94.64
299,DATAMATICS,EQ,33501,24029,71.73
300,DBCORP,EQ,97939,73090,74.63
301,DBL,EQ,91650,41761,45.57
302,DBREALTY,EQ,1957926,1104151,56.39
303,DCAL,EQ,120573,95282,79.02
304,DCBBANK,EQ,2720941,1372641,50.45
305,DCM,EQ,4425,2005,45.31
306,DCMNVL,EQ,3533,1927,54.54
307,DCMSHRIRAM,EQ,56477,25942,45.93
308,DCW,EQ,175819,123543,70.27
309,DECCANCE,EQ,5491,3153,57.42
310,DEEPAKFERT,EQ,529467,141361,26.70
311,DEEPAKNTR,EQ,1182839,465649,39.37
312,DEEPIND,EQ,12606,6716,53.28
313,DELTACORP,EQ,2006742,1217894,60.69
314,DEN,EQ,66830,31261,46.78
315,DENORA,EQ,3326,2371,71.29
316,DFMFOODS,EQ,8767,4289,48.92
317,DGCONTENT,EQ,14683,14662,99.86
318,DHAMPURSUG,EQ,467601,250604,53.59
319,DHANBANK,EQ,148091,112418,75.91
320,DHANUKA,EQ,30637,11613,37.91
321,DHFL,EQ,1062646,558738,52.58
322,DHFL,NC,1,1,100.00
323,DHFL,NQ,371,301,81.13
324,DHUNINV,EQ,412,168,40.78
325,DIAMONDYD,EQ,4550,2659,58.44
326,DICIND,EQ,1318,901,68.36
327,DIGISPICE,EQ,2306,2306,100.00
328,DISHTV,EQ,1973409,1044725,52.94
329,DIVISLAB,EQ,479501,205813,42.92
330,DIXON,EQ,21715,5747,26.47
331,DLF,EQ,6331378,1132789,17.89
332,DLINKINDIA,EQ,697091,170694,24.49
333,DOLAT,EQ,7934,6105,76.95
334,DOLLAR,EQ,21259,14696,69.13
335,DONEAR,EQ,11354,8669,76.35
336,DPABHUSHAN,SM,4000,4000,100.00
337,DPSCLTD,EQ,3370,2345,69.58
338,DPWIRES,EQ,167755,58054,34.61
339,DREDGECORP,EQ,64794,19864,30.66
340,DRREDDY,EQ,1010561,289854,28.68
341,DSSL,EQ,1182,1063,89.93
342,DTIL,EQ,828,547,66.06
343,DVL,EQ,2355,2144,91.04
344,DWARKESH,EQ,921978,514317,55.78
345,DYNAMATECH,EQ,5827,3302,56.67
346,DYNPRO,EQ,165525,78483,47.41
347,EASTSILK,EQ,3000,3000,100.00
348,EBBETF0423,EQ,2382,1300,54.58
349,EBBETF0430,EQ,73720,59108,80.18
350,EC2RG,MF,2000,2000,100.00
351,ECLERX,EQ,24835,15165,61.06
352,ECLFINANCE,NE,80,80,100.00
353,ECLFINANCE,NF,1037,771,74.35
354,ECLFINANCE,NG,514,509,99.03
355,ECLFINANCE,NI,38,38,100.00
356,ECLFINANCE,NJ,29,29,100.00
357,ECLFINANCE,NK,481,361,75.05
358,ECLFINANCE,NO,10,10,100.00
359,ECLFINANCE,NP,50,50,100.00
360,ECLFINANCE,NR,2649,2326,87.81
361,ECLFINANCE,NS,160,160,100.00
362,EDELWEISS,EQ,3295181,1271511,38.59
363,EHFLNCD,N6,1257,1155,91.89
364,EICHERMOT,EQ,183699,23653,12.88
365,EIDPARRY,EQ,202343,79106,39.10
366,EIFFL,SM,3200,3200,100.00
367,EIHAHOTELS,EQ,100094,17152,17.14
368,EIHOTEL,EQ,357253,184687,51.70
369,EIMCOELECO,EQ,2467,2268,91.93
370,EKC,EQ,26683,18237,68.35
371,ELECON,EQ,47087,26875,57.08
372,ELECTCAST,EQ,95079,57530,60.51
373,ELECTHERM,EQ,2447,2192,89.58
374,ELGIEQUIP,EQ,65846,57886,87.91
375,ELGIRUBCO,EQ,76372,44135,57.79
376,EMAMILTD,EQ,1899741,1640003,86.33
377,EMAMIPAP,EQ,2408,1963,81.52
378,EMAMIREAL,EQ,11144,8410,75.47
379,EMBASSY,RR,356000,269200,75.62
380,EMKAY,EQ,2078,1880,90.47
381,EMMBI,EQ,1044,747,71.55
382,EMOFSR1RDP,MF,5000,5000,100.00
383,EMOFSR1RGG,MF,17834,17834,100.00
384,ENDURANCE,EQ,149379,106119,71.04
385,ENGINERSIN,EQ,399015,217717,54.56
386,ENIL,EQ,1098,777,70.77
387,EQ30,EQ,11,11,100.00
388,EQUITAS,EQ,27940516,3712581,13.29
389,ERFLNCDI,N2,639,639,100.00
390,ERFLNCDI,N3,5,5,100.00
391,ERFLNCDI,N5,5,5,100.00
392,ERFLNCDI,N6,1,1,100.00
393,ERIS,EQ,28737,13504,46.99
394,EROSMEDIA,EQ,401585,262356,65.33
395,ESABINDIA,EQ,1341,708,52.80
396,ESCORTS,EQ,4150075,488017,11.76
397,ESSELPACK,EQ,61718,32481,52.63
398,ESTER,EQ,35137,20915,59.52
399,EVERESTIND,EQ,40966,18465,45.07
400,EXCEL,EQ,3506,3506,100.00
401,EXCELINDUS,EQ,14859,9924,66.79
402,EXIDEIND,EQ,1929128,593604,30.77
403,EXPLEOSOL,EQ,12165,10473,86.09
404,FACT,EQ,89970,31508,35.02
405,FAIRCHEM,EQ,12258,7467,60.92
406,FCL,EQ,95564,66453,69.54
407,FCONSUMER,EQ,1627040,869116,53.42
408,FCSSOFT,EQ,1112859,1066295,95.82
409,FDC,EQ,115911,51402,44.35
410,FEDERALBNK,EQ,34962306,11273672,32.25
411,FEL,EQ,306578,170516,55.62
412,FELDVR,EQ,12158,8007,65.86
413,FIEMIND,EQ,13888,7058,50.82
414,FILATEX,EQ,12198,6167,50.56
415,FINCABLES,EQ,40638,25416,62.54
416,FINEORG,EQ,5873,3627,61.76
417,FINPIPE,EQ,41732,30652,73.45
418,FLFL,EQ,45425,31819,70.05
419,FLUOROCHEM,EQ,4958,2999,60.49
420,FMGOETZE,EQ,311,181,58.20
421,FMNL,EQ,7286,6180,84.82
422,FORCEMOT,EQ,10554,5307,50.28
423,FORTIS,EQ,440612,272459,61.84
424,FOSECOIND,EQ,1144,252,22.03
425,FRETAIL,EQ,1064395,779460,73.23
426,FSC,EQ,10075,6122,60.76
427,FSL,EQ,2189381,1463385,66.84
428,GABRIEL,EQ,46786,30099,64.33
429,GAEL,EQ,68495,36921,53.90
430,GAIL,EQ,7514724,2216574,29.50
431,GAL,EQ,10589,10589,100.00
432,GALAXYSURF,EQ,9037,5554,61.46
433,GALLANTT,EQ,17327,14295,82.50
434,GALLISPAT,EQ,1769,856,48.39
435,GAMMNINFRA,EQ,1206764,918941,76.15
436,GANDHITUBE,EQ,753,664,88.18
437,GANECOS,EQ,1910,1699,88.95
438,GANESHHOUC,EQ,14161,10010,70.69
439,GANGESSECU,EQ,997,993,99.60
440,GARDENSILK,EQ,4558,4011,88.00
441,GARFIBRES,EQ,17032,15524,91.15
442,GATI,EQ,107102,55291,51.62
443,GDL,EQ,40277,31109,77.24
444,GEECEE,EQ,1548,1287,83.14
445,GEEKAYWIRE,EQ,7060,4776,67.65
446,GENESYS,EQ,12447,8576,68.90
447,GENUSPAPER,EQ,33858,29386,86.79
448,GENUSPOWER,EQ,45520,11138,24.47
449,GEOJITFSL,EQ,186977,150705,80.60
450,GEPIL,EQ,20733,7610,36.70
451,GESHIP,EQ,48979,38344,78.29
452,GET&D,EQ,113494,79050,69.65
453,GFLLIMITED,EQ,11128,8367,75.19
454,GHCL,EQ,125977,79387,63.02
455,GICHSGFIN,EQ,107785,56939,52.83
456,GICRE,EQ,68385,39546,57.83
457,GILLETTE,EQ,4262,2381,55.87
458,GINNIFILA,EQ,15211,12617,82.95
459,GIPCL,EQ,75820,62656,82.64
460,GISOLUTION,EQ,1002,1002,100.00
461,GKWLIMITED,EQ,265,184,69.43
462,GLAXO,EQ,15251,7486,49.09
463,GLENMARK,EQ,7839018,2068696,26.39
464,GLOBAL,SM,1000,1000,100.00
465,GLOBALVECT,EQ,368832,135878,36.84
466,GLOBOFFS,EQ,1260,1260,100.00
467,GLOBUSSPR,EQ,24443,12403,50.74
468,GMBREW,EQ,39887,15653,39.24
469,GMDCLTD,EQ,166019,104802,63.13
470,GMMPFAUDLR,EQ,87611,25135,28.69
471,GMRINFRA,EQ,3241350,1074651,33.15
472,GNA,EQ,37766,14829,39.27
473,GNFC,EQ,646493,216195,33.44
474,GOCLCORP,EQ,3659,2887,78.90
475,GODFRYPHLP,EQ,96282,23588,24.50
476,GODREJAGRO,EQ,75577,39482,52.24
477,GODREJCP,EQ,884686,362521,40.98
478,GODREJIND,EQ,852036,117921,13.84
479,GODREJPROP,EQ,327979,151020,46.05
480,GOKEX,EQ,53473,37730,70.56
481,GOKUL,EQ,3792,2213,58.36
482,GOKULAGRO,EQ,7055,6888,97.63
483,GOLDBEES,EQ,5021939,3969583,79.04
484,GOLDENTOBC,EQ,7651,3964,51.81
485,GOLDIAM,EQ,7594,6139,80.84
486,GOLDSHARE,EQ,1730,1183,68.38
487,GOLDTECH,EQ,11559,7282,63.00
488,GOODLUCK,EQ,7858,4473,56.92
489,GPIL,EQ,14882,10697,71.88
490,GPPL,EQ,1322784,791450,59.83
491,GPTINFRA,EQ,11862,9179,77.38
492,GRANULES,EQ,1303052,388144,29.79
493,GRAPHITE,EQ,244809,89849,36.70
494,GRASIM,EQ,1745301,252507,14.47
495,GRAVITA,EQ,19719,12317,62.46
496,GREAVESCOT,EQ,125045,100775,80.59
497,GREENLAM,EQ,73013,72875,99.81
498,GREENPANEL,EQ,39759,20084,50.51
499,GREENPLY,EQ,68420,38517,56.29
500,GREENPOWER,EQ,392666,305774,77.87
501,GRINDWELL,EQ,17479,7406,42.37
502,GROBTEA,EQ,233,191,81.97
503,GRPLTD,EQ,645,406,62.95
504,GRSE,EQ,96664,61368,63.49
505,GSCLCEMENT,EQ,138093,65708,47.58
506,GSFC,EQ,245066,101545,41.44
507,GSPL,EQ,657409,568967,86.55
508,GSS,EQ,2329,1534,65.87
509,GTNIND,EQ,885,506,57.18
510,GTPL,EQ,24412,17393,71.25
511,GUFICBIO,EQ,126725,83140,65.61
512,GUJALKALI,EQ,45930,22222,48.38
513,GUJAPOLLO,EQ,4689,2966,63.25
514,GUJGASLTD,EQ,204246,81698,40.00
515,GULFOILLUB,EQ,1997,1344,67.30
516,GULFPETRO,EQ,36168,16763,46.35
517,GULPOLY,EQ,9587,9087,94.78
518,GVKPIL,EQ,1544060,710474,46.01
519,HAL,EQ,50590,24121,47.68
520,HARITASEAT,EQ,2369,1749,73.83
521,HARRMALAYA,EQ,11773,7117,60.45
522,HATHWAY,EQ,1823032,858773,47.11
523,HATSUN,EQ,3396,2463,72.53
524,HAVELLS,EQ,2993849,941886,31.46
525,HBLPOWER,EQ,167877,154206,91.86
526,HCC,EQ,1528714,853721,55.85
527,HCG,EQ,193229,104752,54.21
528,HCLTECH,EQ,6410485,3781198,58.98
529,HDFC,EQ,12034389,6249342,51.93
530,HDFCAMC,EQ,126561,37074,29.29
531,HDFCBANK,EQ,21025849,5893652,28.03
532,HDFCLIFE,EQ,4602359,2215388,48.14
533,HDFCMFGETF,EQ,10767,8742,81.19
534,HDFCNIFETF,EQ,1138,1041,91.48
535,HDFCSENETF,EQ,683,464,67.94
536,HEG,EQ,161283,70080,43.45
537,HEIDELBERG,EQ,801768,431300,53.79
538,HEOF1126RD,MF,1000,1000,100.00
539,HERCULES,EQ,16446,11029,67.06
540,HERITGFOOD,EQ,16318,13311,81.57
541,HEROMOTOCO,EQ,2241444,363111,16.20
542,HESTERBIO,EQ,5376,3241,60.29
543,HEXAWARE,EQ,962802,669325,69.52
544,HFCL,EQ,2472343,1635485,66.15
545,HGINFRA,EQ,4265,2605,61.08
546,HGS,EQ,3489,2927,83.89
547,HHOF1140RG,MF,22460,21960,97.77
548,HIKAL,EQ,239533,165571,69.12
549,HIL,EQ,7697,3999,51.96
550,HILTON,EQ,2004,1694,84.53
551,HIMATSEIDE,EQ,157774,113508,71.94
552,HINDALCO,EQ,17059557,2772650,16.25
553,HINDCOMPOS,EQ,771,334,43.32
554,HINDCOPPER,EQ,308523,182987,59.31
555,HINDMOTORS,EQ,88395,43076,48.73
556,HINDNATGLS,EQ,1169,1004,85.89
557,HINDOILEXP,EQ,471730,370642,78.57
558,HINDPETRO,EQ,6263709,1516874,24.22
559,HINDUNILVR,EQ,5340153,3290428,61.62
560,HINDZINC,EQ,826090,408150,49.41
561,HIRECT,EQ,5126,3493,68.14
562,HISARMETAL,EQ,66500,25172,37.85
563,HITECH,EQ,5923,537,9.07
564,HITECHCORP,EQ,228,182,79.82
565,HITECHGEAR,EQ,7270,5834,80.25
566,HLVLTD,EQ,109143,60625,55.55
567,HMVL,EQ,4726,3486,73.76
568,HNDFDS,EQ,4470,3404,76.15
569,HNGSNGBEES,EQ,1792,1331,74.27
570,HONAUT,EQ,1415,764,53.99
571,HONDAPOWER,EQ,4059,3193,78.66
572,HPL,EQ,11805,7385,62.56
573,HSCL,EQ,1586949,505567,31.86
574,HSIL,EQ,30328,20485,67.54
575,HUDCO,EQ,1034436,328125,31.72
576,HUDCO,N2,7237,5250,72.54
577,HUDCO,N3,1563,1240,79.33
578,HUDCO,N9,166,165,99.40
579,HUDCO,ND,2,1,50.00
580,HUDCO,NE,859,777,90.45
581,IBMFNIFTY,EQ,221,153,69.23
582,IBREALEST,EQ,4875500,2331342,47.82
583,IBUCCREDIT,N2,125,115,92.00
584,IBUCCREDIT,N4,16,16,100.00
585,IBUCCREDIT,N6,50,50,100.00
586,IBULHSGFIN,EQ,20933876,2298837,10.98
587,IBULHSGFIN,N6,93,93,100.00
588,IBULHSGFIN,N7,20,20,100.00
589,IBULHSGFIN,NA,214,214,100.00
590,IBULISL,EQ,102566,49802,48.56
591,IBVENTURES,E3,88518,71699,81.00
592,IBVENTURES,EQ,1873888,976246,52.10
593,ICFL,N1,75,75,100.00
594,ICFL,N2,685,582,84.96
595,ICFL,N3,91,91,100.00
596,ICFL,N4,10,10,100.00
597,ICFL,N6,1,1,100.00
598,ICFL,N9,10,10,100.00
599,ICFL,NB,1,1,100.00
600,ICICI500,EQ,698,552,79.08
601,ICICIB22,EQ,285811,187883,65.74
602,ICICIBANK,EQ,80359014,28347870,35.28
603,ICICIBANKN,EQ,40067,6078,15.17
604,ICICIBANKP,EQ,231532,98833,42.69
605,ICICIGI,EQ,289297,161604,55.86
606,ICICIGOLD,EQ,1324252,1287032,97.19
607,ICICILIQ,EQ,2685,2675,99.63
608,ICICILOVOL,EQ,43459,41475,95.43
609,ICICIM150,EQ,281638,281544,99.97
610,ICICIMCAP,EQ,3040,2320,76.32
611,ICICINF100,EQ,71949,50044,69.55
612,ICICINIFTY,EQ,296747,195650,65.93
613,ICICINV20,EQ,5135,4890,95.23
614,ICICINXT50,EQ,5795,4399,75.91
615,ICICIPRULI,EQ,4146071,1621827,39.12
616,ICICISENSX,EQ,1925,1760,91.43
617,ICIL,EQ,27583,22268,80.73
618,ICRA,EQ,481,177,36.80
619,IDBI,EQ,1699990,361746,21.28
620,IDBIGOLD,EQ,128,114,89.06
621,IDEA,EQ,350548515,78218698,22.31
622,IDFC,EQ,2790290,1655641,59.34
623,IDFCFIRSTB,EQ,44779390,14824514,33.11
624,IDFCFIRSTB,N1,8,8,100.00
625,IDFCFIRSTB,N2,14,8,57.14
626,IDFCFIRSTB,N3,4,4,100.00
627,IDFCFIRSTB,N8,8,4,50.00
628,IDFCFIRSTB,N9,5,5,100.00
629,IDFCFIRSTB,NA,10,8,80.00
630,IDFCFIRSTB,NB,59,59,100.00
631,IDFCFIRSTB,NC,2,2,100.00
632,IDFNIFTYET,EQ,42,38,90.48
633,IEX,EQ,176930,89101,50.36
634,IFBAGRO,EQ,1027,619,60.27
635,IFBIND,EQ,32351,21196,65.52
636,IFCI,EQ,1177695,439231,37.30
637,IFCI,NH,718,718,100.00
638,IFCI,NL,10,10,100.00
639,IFGLEXPOR,EQ,409,370,90.46
640,IGARASHI,EQ,36084,14791,40.99
641,IGL,EQ,2187645,896720,40.99
642,IGPL,EQ,2799,1612,57.59
643,IIFCL,N2,839,839,100.00
644,IIFCL,N4,172,172,100.00
645,IIFL,EQ,122867,94888,77.23
646,IIFLFIN,ND,10,10,100.00
647,IIFLFIN,NE,1127,1127,100.00
648,IIFLFIN,NF,1665,1480,88.89
649,IIFLFIN,NG,250,250,100.00
650,IIFLFIN,NH,1015,659,64.93
651,IIFLFIN,NI,25,25,100.00
652,IIFLFIN,NJ,198,198,100.00
653,IIFLFIN,NM,15,15,100.00
654,IIFLSEC,EQ,260534,229772,88.19
655,IIFLWAM,EQ,1894,1180,62.30
656,IMFA,EQ,3133,2560,81.71
657,IMPAL,EQ,1492,1169,78.35
658,INDBANK,EQ,17306,11691,67.55
659,INDHOTEL,EQ,1516893,625907,41.26
660,INDIACEM,EQ,14083253,1730327,12.29
661,INDIAGLYCO,EQ,238386,64925,27.24
662,INDIAMART,EQ,91915,36641,39.86
663,INDIANB,EQ,1111717,417428,37.55
664,INDIANCARD,EQ,1551,213,13.73
665,INDIANHUME,EQ,28090,14106,50.22
666,INDIGO,EQ,5480145,596233,10.88
667,INDIGRID,IV,51030,49329,96.67
668,INDNIPPON,EQ,4786,3732,77.98
669,INDOCO,EQ,12736,7053,55.38
670,INDORAMA,EQ,4767,4448,93.31
671,INDOSTAR,EQ,39410,37217,94.44
672,INDOTECH,EQ,174,99,56.90
673,INDOTHAI,EQ,310610,113367,36.50
674,INDOWIND,EQ,98167,83051,84.60
675,INDRAMEDCO,EQ,80864,44256,54.73
676,INDTERRAIN,EQ,2534,2421,95.54
677,INDUSINDBK,EQ,27954074,3391288,12.13
678,INEOSSTYRO,EQ,424,372,87.74
679,INFIBEAM,EQ,872962,847164,97.04
680,INFRABEES,EQ,375,339,90.40
681,INFRATEL,EQ,10697684,1893029,17.70
682,INFY,EQ,11867864,4330805,36.49
683,INGERRAND,EQ,1483,1253,84.49
684,INNOVANA,SM,2000,2000,100.00
685,INNOVATIVE,SM,6000,6000,100.00
686,INOXLEISUR,EQ,1561812,319507,20.46
687,INOXWIND,EQ,24160,13506,55.90
688,INSECTICID,EQ,4541,1504,33.12
689,INSPIRISYS,EQ,1799,1746,97.05
690,INTELLECT,EQ,55810,39689,71.11
691,INTENTECH,EQ,11592,4844,41.79
692,IOB,EQ,681215,277871,40.79
693,IOC,EQ,14476537,3322934,22.95
694,IOLCP,EQ,1127406,254032,22.53
695,IPCALAB,EQ,198253,105058,52.99
696,IRB,EQ,419118,192270,45.87
697,IRBINVIT,IV,160000,135000,84.38
698,IRCON,EQ,250445,143984,57.49
699,IRCTC,EQ,2602909,922668,35.45
700,IREDA,N4,150,150,100.00
701,IREDA,N5,100,100,100.00
702,IRFC,N1,1081,878,81.22
703,IRFC,N4,1399,1399,100.00
704,IRFC,N7,118,118,100.00
705,IRFC,N9,550,550,100.00
706,IRFC,NA,431,372,86.31
707,IRFC,NE,138,136,98.55
708,IRFC,NJ,292,196,67.12
709,IRFC,NN,170,140,82.35
710,IRFC,NO,580,550,94.83
711,ISEC,EQ,390026,238742,61.21
712,ISFT,EQ,28291,23394,82.69
713,ISMTLTD,EQ,11896,8577,72.10
714,ITC,EQ,39013806,7624915,19.54
715,ITDC,EQ,16046,7149,44.55
716,ITDCEM,EQ,70400,45544,64.69
717,ITI,EQ,310201,111599,35.98
718,IVC,EQ,43860,35656,81.30
719,IVZINGOLD,EQ,6,6,100.00
720,IVZINNIFTY,EQ,6,6,100.00
721,JAGRAN,EQ,85693,50136,58.51
722,JAGSNPHARM,EQ,7632,5781,75.75
723,JAICORPLTD,EQ,600520,111898,18.63
724,JALAN,SM,18000,18000,100.00
725,JAMNAAUTO,EQ,374067,240952,64.41
726,JAYBARMARU,EQ,6093,3521,57.79
727,JBCHEPHARM,EQ,172092,67985,39.51
728,JBMA,EQ,2449,1197,48.88
729,JCHAC,EQ,2488,1052,42.28
730,JETFREIGHT,SM,12000,12000,100.00
731,JHS,EQ,40706,26413,64.89
732,JINDALPOLY,EQ,50758,18334,36.12
733,JINDALSAW,EQ,434546,311044,71.58
734,JINDALSTEL,EQ,19186991,1973274,10.28
735,JINDRILL,EQ,5214,2692,51.63
736,JINDWORLD,EQ,2584,1779,68.85
737,JIYAECO,EQ,95840,80232,83.71
738,J&KBANK,EQ,1230186,675149,54.88
739,JKCEMENT,EQ,13942,5240,37.58
740,JKIL,EQ,101684,42082,41.39
741,JKLAKSHMI,EQ,633801,307444,48.51
742,JKPAPER,EQ,589959,265118,44.94
743,JKTYRE,EQ,678340,306138,45.13
744,JMA,EQ,927,845,91.15
745,JMCPROJECT,EQ,63227,45874,72.55
746,JMFINANCIL,EQ,1380628,313861,22.73
747,JOCIL,EQ,10429,6161,59.08
748,JPASSOCIAT,EQ,2325778,1738564,74.75
749,JPOLYINVST,EQ,233,233,100.00
750,JSL,EQ,263791,192989,73.16
751,JSLHISAR,EQ,87216,70393,80.71
752,JSWENERGY,EQ,912141,498616,54.66
753,JSWHL,EQ,101,68,67.33
754,JSWSTEEL,EQ,10228048,1819361,17.79
755,JTEKTINDIA,EQ,67912,52721,77.63
756,JUBILANT,EQ,245981,128566,52.27
757,JUBLFOOD,EQ,2431631,753567,30.99
758,JUBLINDS,EQ,54549,23913,43.84
759,JUMPNET,EQ,583259,395464,67.80
760,JUNIORBEES,EQ,64512,43384,67.25
761,JUSTDIAL,EQ,2447640,157903,6.45
762,JYOTHYLAB,EQ,120983,82311,68.04
763,KABRAEXTRU,EQ,8912,5600,62.84
764,KAJARIACER,EQ,838803,698921,83.32
765,KAKATCEM,EQ,136218,39984,29.35
766,KALPATPOWR,EQ,636298,437844,68.81
767,KAMATHOTEL,EQ,29583,15193,51.36
768,KAMDHENU,EQ,6882,4114,59.78
769,KANORICHEM,EQ,11184,6667,59.61
770,KANSAINER,EQ,61360,38820,63.27
771,KARDA,EQ,65341,47075,72.05
772,KARMAENG,EQ,233,153,65.67
773,KARURVYSYA,EQ,654062,440698,67.38
774,KAYA,EQ,16747,12420,74.16
775,KCP,EQ,82957,72123,86.94
776,KCPSUGIND,EQ,102702,51961,50.59
777,KDDL,EQ,2073,1336,64.45
778,KEC,EQ,121119,56410,46.57
779,KECL,EQ,25655,16546,64.49
780,KEI,EQ,88773,64311,72.44
781,KELLTONTEC,EQ,67355,48084,71.39
782,KENNAMET,EQ,1007,661,65.64
783,KESORAMIND,EQ,139983,116671,83.35
784,KHADIM,EQ,47020,22714,48.31
785,KHANDSE,EQ,25,25,100.00
786,KICL,EQ,1340,983,73.36
787,KILITCH,EQ,3683,2173,59.00
788,KINGFA,EQ,1350,809,59.93
789,KIOCL,EQ,6063,3192,52.65
790,KIRIINDUS,EQ,119969,60965,50.82
791,KIRLFER,EQ,5600,4408,78.71
792,KIRLOSBROS,EQ,6921,4054,58.58
793,KIRLOSENG,EQ,8748,4719,53.94
794,KIRLOSIND,EQ,687,397,57.79
795,KITEX,EQ,56777,40326,71.03
796,KKCL,EQ,697,430,61.69
797,KMSUGAR,EQ,83684,44499,53.18
798,KNRCON,EQ,59552,26218,44.03
799,KOKUYOCMLN,EQ,35156,16870,47.99
800,KOLTEPATIL,EQ,36949,19087,51.66
801,KOPRAN,EQ,152607,108084,70.83
802,KOTAKBANK,EQ,5189775,1445483,27.85
803,KOTAKBKETF,EQ,1107821,687782,62.08
804,KOTAKGOLD,EQ,29637,21860,73.76
805,KOTAKNIFTY,EQ,42377,29172,68.84
806,KOTAKNV20,EQ,3560,2520,70.79
807,KOTAKPSUBK,EQ,5929,4131,69.67
808,KOTARISUG,EQ,19302,13811,71.55
809,KOTHARIPET,EQ,89606,65408,73.00
810,KOTHARIPRO,EQ,58144,32158,55.31
811,KPITTECH,EQ,997801,784924,78.67
812,KPRMILL,EQ,1001,672,67.13
813,KRBL,EQ,89464,65298,72.99
814,KREBSBIO,EQ,236178,72414,30.66
815,KSB,EQ,49195,40822,82.98
816,KSCL,EQ,242365,42849,17.68
817,KSK,EQ,444071,427390,96.24
818,KSL,EQ,11875,5507,46.37
819,KTKBANK,EQ,1638475,1110806,67.80
820,KUANTUM,EQ,231,150,64.94
821,LAKSHVILAS,EQ,231288,139951,60.51
822,LALPATHLAB,EQ,60350,27115,44.93
823,LAMBODHARA,EQ,1595,1205,75.55
824,LAOPALA,EQ,28034,16793,59.90
825,LAURUSLABS,EQ,496089,254339,51.27
826,LAXMIMACH,EQ,8096,6470,79.92
827,LEMONTREE,EQ,2638389,2156349,81.73
828,LFIC,EQ,1057,930,87.98
829,LGBBROSLTD,EQ,11801,7546,63.94
830,LGBFORGE,EQ,46869,46575,99.37
831,LIBERTSHOE,EQ,99887,25148,25.18
832,LICHSGFIN,EQ,7884854,1152964,14.62
833,LICNETFGSC,EQ,16590,12341,74.39
834,LICNETFN50,EQ,1455,442,30.38
835,LICNFNHGP,EQ,279,222,79.57
836,LINCOLN,EQ,36393,18788,51.63
837,LINCPEN,EQ,1013,547,54.00
838,LINDEINDIA,EQ,6947,3958,56.97
839,LIQUIDBEES,EQ,764852,597406,78.11
840,LIQUIDETF,EQ,13576,5942,43.77
841,LOKESHMACH,EQ,7713,6883,89.24
842,LOTUSEYE,EQ,1290,1191,92.33
843,LOVABLE,EQ,26884,19538,72.68
844,LSIL,EQ,1910289,1106787,57.94
845,LT,EQ,4609134,1841457,39.95
846,L&TFH,EQ,16695648,3386557,20.28
847,L&TFINANCE,N8,96,96,100.00
848,L&TFINANCE,NC,25,25,100.00
849,L&TFINANCE,NG,1025,1025,100.00
850,L&TFINANCE,NK,15,15,100.00
851,L&TFINANCE,NY,65,65,100.00
852,L&TFINANCE,Y1,67,67,100.00
853,L&TFINANCE,Y3,25,25,100.00
854,L&TFINANCE,Y5,150,150,100.00
855,L&TFINANCE,Y9,205,172,83.90
856,LTI,EQ,125113,56617,45.25
857,L&TINFRA,N2,10,10,100.00
858,L&TINFRA,N3,60,40,66.67
859,L&TINFRA,N6,247,238,96.36
860,LTMFEOF2R,MF,999,999,100.00
861,LTMFEOFR,MF,9000,9000,100.00
862,LTTS,EQ,68582,33995,49.57
863,LUMAXIND,EQ,9963,8121,81.51
864,LUMAXTECH,EQ,6178,4331,70.10
865,LUPIN,EQ,2372917,367949,15.51
866,LUXIND,EQ,45040,8015,17.80
867,LYKALABS,EQ,8779,6954,79.21
868,LYPSAGEMS,EQ,6790,6790,100.00
869,M100,EQ,26876,18879,70.24
870,M14RG,MF,8010,5010,62.55
871,M50,EQ,1954,1083,55.42
872,MAANALU,EQ,1453,767,52.79
873,MACPOWER,SM,2000,2000,100.00
874,MADHAV,EQ,352,352,100.00
875,MAGADSUGAR,EQ,49037,27189,55.45
876,MAGMA,EQ,1171676,823283,70.27
877,MAGMA,N3,125,125,100.00
878,MAHABANK,EQ,731217,272768,37.30
879,MAHEPC,EQ,135829,60159,44.29
880,MAHESHWARI,EQ,34,0,0.00
881,MAHINDCIE,EQ,86387,56796,65.75
882,MAHLIFE,EQ,25772,21762,84.44
883,MAHLOG,EQ,57262,22438,39.18
884,MAHSCOOTER,EQ,9595,6127,63.86
885,MAHSEAMLES,EQ,34024,25261,74.24
886,MAITHANALL,EQ,16364,14842,90.70
887,MAJESCO,EQ,3686,2944,79.87
888,MALUPAPER,EQ,7804,5317,68.13
889,MAN50ETF,EQ,69779,28689,41.11
890,MANAKALUCO,EQ,18213,15653,85.94
891,MANAKCOAT,EQ,136,136,100.00
892,MANAKSTEEL,EQ,6225,4732,76.02
893,MANALIPETC,EQ,64340,38222,59.41
894,MANAPPURAM,EQ,10166367,2095252,20.61
895,MANGCHEFER,EQ,163206,107476,65.85
896,MANGLMCEM,EQ,27276,10343,37.92
897,MANGTIMBER,EQ,15,15,100.00
898,MANINDS,EQ,28782,17661,61.36
899,MANINFRA,EQ,33842,26081,77.07
900,MANUGRAPH,EQ,88030,86526,98.29
901,MANXT50,EQ,652,629,96.47
902,MARALOVER,EQ,4130,2635,63.80
903,MARATHON,EQ,1348,893,66.25
904,MARICO,EQ,1595445,264616,16.59
905,MARINE,SM,8000,2000,25.00
906,MARKSANS,EQ,504632,269848,53.47
907,MARUTI,EQ,1935877,305869,15.80
908,MASFIN,EQ,3962,2496,63.00
909,MASTEK,EQ,6528,3168,48.53
910,MATRIMONY,EQ,13539,4558,33.67
911,MAWANASUG,EQ,133789,73560,54.98
912,MAXINDIA,EQ,154363,36768,23.82
913,MAXVIL,EQ,24449,22700,92.85
914,MAYURUNIQ,EQ,11581,7145,61.70
915,MAZDA,EQ,2146,824,38.40
916,MCDOWELL-N,EQ,5628309,811209,14.41
917,MCL,SM,2400,1200,50.00
918,MCX,EQ,145884,66262,45.42
919,MEGASOFT,EQ,10535,7084,67.24
920,MEGH,EQ,509844,123229,24.17
921,MENONBE,EQ,15666,10277,65.60
922,METROPOLIS,EQ,52412,32603,62.21
923,MFSL,EQ,989345,212640,21.49
924,MGEL,SM,2000,2000,100.00
925,MGL,EQ,445497,152089,34.14
926,MHRIL,EQ,71397,26336,36.89
927,MIDHANI,EQ,764432,304866,39.88
928,MILTON,SM,4400,4400,100.00
929,MINDACORP,EQ,210233,108061,51.40
930,MINDAIND,EQ,62139,23326,37.54
931,MINDTECK,EQ,45383,43317,95.45
932,MINDTREE,EQ,873409,75524,8.65
933,MIRCELECTR,EQ,129343,93085,71.97
934,MIRZAINT,EQ,112859,57209,50.69
935,MITTAL,EQ,173334,39468,22.77
936,M&M,EQ,10016213,2984328,29.79
937,M&MFIN,EQ,19194337,4648347,24.22
938,M&MFIN,N2,1095,995,90.87
939,M&MFIN,N3,100,100,100.00
940,MMFL,EQ,12335,11034,89.45
941,MMP,EQ,846,796,94.09
942,MMTC,EQ,282761,130467,46.14
943,MOHITIND,EQ,1000,1000,100.00
944,MOHOTAIND,EQ,1980,1970,99.49
945,MOIL,EQ,163395,67907,41.56
946,MOLDTECH,EQ,6623,5685,85.84
947,MOLDTKPAC,EQ,23819,15522,65.17
948,MONTECARLO,EQ,16174,10807,66.82
949,MORARJEE,EQ,6283,5975,95.10
950,MOREPENLAB,EQ,357259,206837,57.90
951,MOTHERSUMI,EQ,8043543,1895726,23.57
952,MOTILALOFS,EQ,55619,27206,48.91
953,MOTOGENFIN,EQ,3062,2435,79.52
954,MPHASIS,EQ,85744,26872,31.34
955,MPSLTD,EQ,4570,3034,66.39
956,MRF,EQ,4097,497,12.13
957,MRO-TEK,EQ,100,100,100.00
958,MRPL,EQ,396895,154299,38.88
959,MSTCLTD,EQ,140068,51635,36.86
960,MTEDUCARE,EQ,18873,15313,81.14
961,MTNL,EQ,216526,168720,77.92
962,MUKANDLTD,EQ,23468,13859,59.05
963,MUKTAARTS,EQ,7890,4553,57.71
964,MUNJALAU,EQ,48656,28076,57.70
965,MUNJALSHOW,EQ,9044,4187,46.30
966,MURUDCERA,EQ,36633,23037,62.89
967,MUTHOOTCAP,EQ,19070,17575,92.16
968,MUTHOOTFIN,EQ,1959606,435147,22.21
969,N100,EQ,43312,29310,67.67
970,NABARD,N2,1762,1750,99.32
971,NACLIND,EQ,46676,31239,66.93
972,NAGREEKCAP,EQ,5,5,100.00
973,NAGREEKEXP,EQ,3517,1320,37.53
974,NAHARCAP,EQ,1369,1291,94.30
975,NAHARINDUS,EQ,8084,6739,83.36
976,NAHARPOLY,EQ,12074,7906,65.48
977,NAHARSPING,EQ,120561,45924,38.09
978,NAM-INDIA,EQ,486913,198544,40.78
979,NATCOPHARM,EQ,493679,360490,73.02
980,NATHBIOGEN,EQ,4706,3173,67.42
981,NATIONALUM,EQ,10716384,4350531,40.60
982,NATNLSTEEL,EQ,17990,17990,100.00
983,NAUKRI,EQ,253231,58225,22.99
984,NAVINFLUOR,EQ,81551,16655,20.42
985,NAVKARCORP,EQ,171061,90102,52.67
986,NAVNETEDUL,EQ,24515,16986,69.29
987,NBCC,EQ,3557752,1774282,49.87
988,NBIFIN,EQ,101,85,84.16
989,NBVENTURES,EQ,22229,16070,72.29
990,NCC,EQ,15490735,3187842,20.58
991,NCLIND,EQ,59772,37329,62.45
992,NDGL,EQ,12,6,50.00
993,NDL,EQ,7436,5908,79.45
994,NDTV,EQ,19826,19825,99.99
995,NECCLTD,EQ,66525,46810,70.36
996,NECLIFE,EQ,84296,52719,62.54
997,NELCAST,EQ,30878,16167,52.36
998,NESCO,EQ,39861,27263,68.40
999,NESTLEIND,EQ,118300,63610,53.77
1000,NETF,EQ,1574,1314,83.48
1001,NETFCONSUM,EQ,2010,1930,96.02
1002,NETFDIVOPP,EQ,64,64,100.00
1003,NETFLTGILT,EQ,156582,135032,86.24
1004,NETFMID150,EQ,180244,174963,97.07
1005,NETFNIF100,EQ,551,352,63.88
1006,NETFNV20,EQ,3191,2708,84.86
1007,NETWORK18,EQ,677787,278002,41.02
1008,NEULANDLAB,EQ,151859,61473,40.48
1009,NEWGEN,EQ,19490,11979,61.46
1010,NFL,EQ,292432,112165,38.36
1011,NH,EQ,28688,16631,57.97
1012,NHAI,N1,1417,1417,100.00
1013,NHAI,N2,1020,845,82.84
1014,NHAI,N4,152,152,100.00
1015,NHAI,N6,240,210,87.50
1016,NHAI,N8,10,10,100.00
1017,NHAI,NA,2813,2542,90.37
1018,NHBTF2014,N6,107,99,92.52
1019,NHPC,EQ,1287557,639750,49.69
1020,NHPC,N6,214,212,99.07
1021,NIACL,EQ,154140,62128,40.31
1022,NIFTYBEES,EQ,1872398,570234,30.45
1023,NIITLTD,EQ,492470,144335,29.31
1024,NIITTECH,EQ,2494242,119366,4.79
1025,NILAINFRA,EQ,121767,100143,82.24
1026,NILASPACES,EQ,22410,16898,75.40
1027,NILKAMAL,EQ,5218,3208,61.48
1028,NIPPOBATRY,EQ,1087,891,81.97
1029,NITCO,EQ,26028,14189,54.51
1030,NITINSPIN,EQ,21170,18152,85.74
1031,NKIND,EQ,489,489,100.00
1032,NLCINDIA,EQ,493547,335786,68.04
1033,NMDC,EQ,4624426,1546755,33.45
1034,NOCIL,EQ,7270159,1534108,21.10
1035,NOIDATOLL,EQ,124193,92604,74.56
1036,NPBET,EQ,147,147,100.00
1037,NRAIL,EQ,3283,2375,72.34
1038,NRBBEARING,EQ,42697,25480,59.68
1039,NSIL,EQ,82,10,12.20
1040,NTPC,EQ,9392105,2738082,29.15
1041,NTPC,N2,8,4,50.00
1042,NTPC,N6,350,250,71.43
1043,NTPC,N7,18081,17834,98.63
1044,NTPC,NB,50,50,100.00
1045,NUCLEUS,EQ,33658,19627,58.31
1046,NXTDIGITAL,EQ,2444,1849,75.65
1047,OAL,EQ,1833,1153,62.90
1048,OBEROIRLTY,EQ,263809,139079,52.72
1049,OCCL,EQ,8730,3650,41.81
1050,OFSS,EQ,22986,15301,66.57
1051,OIL,EQ,1460870,423890,29.02
1052,OLECTRA,EQ,40945,26551,64.85
1053,OMAXAUTO,EQ,5659,4397,77.70
1054,OMAXE,EQ,272189,223936,82.27
1055,OMMETALS,EQ,20388,18012,88.35
1056,ONELIFECAP,EQ,299,299,100.00
1057,ONEPOINT,EQ,6241,3680,58.96
1058,ONGC,EQ,12443833,2797117,22.48
1059,ONMOBILE,EQ,71171,55988,78.67
1060,ONWARDTEC,EQ,9127,4694,51.43
1061,ORBTEXP,EQ,6212,3472,55.89
1062,ORICONENT,EQ,23563,11270,47.83
1063,ORIENTABRA,EQ,9219,7960,86.34
1064,ORIENTALTL,EQ,2042,1992,97.55
1065,ORIENTBELL,EQ,4815,3937,81.77
1066,ORIENTCEM,EQ,504431,217390,43.10
1067,ORIENTELEC,EQ,302249,144178,47.70
1068,ORIENTHOT,EQ,33155,21613,65.19
1069,ORIENTLTD,EQ,133,78,58.65
1070,ORIENTPPR,EQ,167694,96223,57.38
1071,ORIENTREF,EQ,16273,7871,48.37
1072,ORISSAMINE,EQ,3763,2221,59.02
1073,OSWALAGRO,EQ,19135,12784,66.81
1074,PAGEIND,EQ,38565,22247,57.69
1075,PAISALO,EQ,345,193,55.94
1076,PALASHSECU,EQ,44,44,100.00
1077,PALREDTEC,EQ,577,577,100.00
1078,PANACEABIO,EQ,53864,27638,51.31
1079,PANACHE,EQ,71,40,56.34
1080,PANAMAPET,EQ,6283,5196,82.70
1081,PAPERPROD,EQ,19982,8488,42.48
1082,PARACABLES,EQ,71134,65658,92.30
1083,PARAGMILK,EQ,75049,48444,64.55
1084,PATELENG,EQ,87035,60818,69.88
1085,PATINTLOG,EQ,6559,5398,82.30
1086,PDMJEPAPER,EQ,30867,22651,73.38
1087,PDSMFL,EQ,239,103,43.10
1088,PEARLPOLY,EQ,487,487,100.00
1089,PEL,EQ,2289178,254290,11.11
1090,PENIND,EQ,99813,70281,70.41
1091,PERFECT,SM,24000,24000,100.00
1092,PERSISTENT,EQ,55688,32133,57.70
1093,PETRONET,EQ,2129759,547837,25.72
1094,PFC,EQ,10245618,4192054,40.92
1095,PFC,N4,180,100,55.56
1096,PFC,N8,555,455,81.98
1097,PFIZER,EQ,41404,17293,41.77
1098,PFOCUS,EQ,65035,40423,62.16
1099,PFS,EQ,192130,111418,57.99
1100,PGEL,EQ,15316,11483,74.97
1101,PGHH,EQ,956,600,62.76
1102,PGHL,EQ,9705,5876,60.55
1103,PGIL,EQ,8469,5097,60.18
1104,PHILIPCARB,EQ,2181085,747043,34.25
1105,PHOENIXLTD,EQ,329540,284790,86.42
1106,PIDILITIND,EQ,636230,118543,18.63
1107,PIGL,SM,4000,4000,100.00
1108,PIIND,EQ,91594,61281,66.91
1109,PILANIINVS,EQ,654,103,15.75
1110,PILITA,EQ,17431,15534,89.12
1111,PIONEEREMB,EQ,2995,2022,67.51
1112,PITTIENG,EQ,706,527,74.65
1113,PLASTIBLEN,EQ,3954,2579,65.23
1114,PNB,EQ,27657300,4185368,15.13
1115,PNBGILTS,EQ,232782,130554,56.08
1116,PNBHOUSING,EQ,239795,157529,65.69
1117,PNC,EQ,1480,1402,94.73
1118,PNCINFRA,EQ,30389,16012,52.69
1119,PODDARHOUS,EQ,52,44,84.62
1120,PODDARMENT,EQ,4001,2672,66.78
1121,POLYCAB,EQ,197875,111321,56.26
1122,POLYMED,EQ,44277,22876,51.67
1123,POLYPLEX,EQ,60978,37898,62.15
1124,PONNIERODE,EQ,3847,2917,75.83
1125,POWERGRID,EQ,14108025,8526619,60.44
1126,POWERINDIA,EQ,15265,14307,93.72
1127,POWERMECH,EQ,6723,4383,65.19
1128,PPAP,EQ,5464,3636,66.54
1129,PPL,EQ,46714,29603,63.37
1130,PRABHAT,EQ,2404,1864,77.54
1131,PRAENG,EQ,25686,18899,73.58
1132,PRAJIND,EQ,892630,170726,19.13
1133,PRAKASH,EQ,218338,178996,81.98
1134,PRAXIS,EQ,16783,14260,84.97
1135,PRECAM,EQ,10436,8251,79.06
1136,PRECOT,EQ,1403,1251,89.17
1137,PRECWIRE,EQ,2390,1916,80.17
1138,PREMIER,EQ,150,150,100.00
1139,PREMIERPOL,EQ,110,110,100.00
1140,PRESSMN,EQ,3866,3325,86.01
1141,PRESTIGE,EQ,570327,265661,46.58
1142,PRIMESECU,EQ,14249,10758,75.50
1143,PRINCEPIPE,EQ,132770,72630,54.70
1144,PROSEED,EQ,7182,7182,100.00
1145,PRSMJOHNSN,EQ,301546,187897,62.31
1146,PSB,EQ,76580,31713,41.41
1147,PSPPROJECT,EQ,32692,22095,67.59
1148,PSUBNKBEES,EQ,269204,221763,82.38
1149,PTC,EQ,711065,518552,72.93
1150,PTL,EQ,5287,4831,91.38
1151,PUNJABCHEM,EQ,980,560,57.14
1152,PURVA,EQ,53744,18233,33.93
1153,PVR,EQ,3053282,293095,9.60
1154,QGOLDHALF,EQ,1214,1159,95.47
1155,QUESS,EQ,837033,387778,46.33
1156,QUICKHEAL,EQ,823937,317973,38.59
1157,RADAAN,EQ,4544,3644,80.19
1158,RADICO,EQ,491353,165453,33.67
1159,RADIOCITY,EQ,237093,148626,62.69
1160,RAIN,EQ,1599546,352234,22.02
1161,RAJESHEXPO,EQ,36834,13057,35.45
1162,RAJRATAN,EQ,7765,5619,72.36
1163,RAJTV,EQ,5580,3297,59.09
1164,RALLIS,EQ,220673,114800,52.02
1165,RAMANEWS,EQ,11860,9037,76.20
1166,RAMASTEEL,EQ,2862,2387,83.40
1167,RAMCOCEM,EQ,439430,58440,13.30
1168,RAMCOIND,EQ,18246,8879,48.66
1169,RAMCOSYS,EQ,19549,15302,78.28
1170,RAMKY,EQ,31625,21415,67.72
1171,RANEHOLDIN,EQ,1505,831,55.22
1172,RATNAMANI,EQ,15467,9985,64.56
1173,RAYMOND,EQ,148739,75239,50.58
1174,RBL,EQ,6431,1786,27.77
1175,RBLBANK,EQ,28510257,3353546,11.76
1176,RCF,EQ,1508422,408806,27.10
1177,RECLTD,EQ,7375680,2626159,35.61
1178,RECLTD,N2,200,200,100.00
1179,RECLTD,N9,906,905,99.89
1180,RECLTD,NI,160,140,87.50
1181,REDINGTON,EQ,561553,439040,78.18
1182,REFEX,EQ,55524,35010,63.05
1183,RELAXO,EQ,603764,166414,27.56
1184,RELIABLE,SM,2400,2400,100.00
1185,RELIANCE,EQ,17458503,4083814,23.39
1186,RELIGARE,EQ,53396,36993,69.28
1187,REMSONSIND,EQ,1438,816,56.75
1188,RENUKA,EQ,607971,447235,73.56
1189,REPCOHOME,EQ,118013,91603,77.62
1190,REPRO,EQ,2837,1928,67.96
1191,RESPONIND,EQ,110083,9276,8.43
1192,REVATHI,EQ,693,396,57.14
1193,RGL,EQ,654,429,65.60
1194,RICOAUTO,EQ,226229,56196,24.84
1195,RIIL,EQ,111640,29774,26.67
1196,RITES,EQ,242568,102634,42.31
1197,RKDL,EQ,9070,7837,86.41
1198,RKEC,SM,4000,3000,75.00
1199,RKFORGE,EQ,15826,11110,70.20
1200,RMDRIP,SM,20000,20000,100.00
1201,RML,EQ,6818,4925,72.24
1202,ROHLTD,EQ,131028,34629,26.43
1203,ROSSELLIND,EQ,1567,882,56.29
1204,RPGLIFE,EQ,50330,24910,49.49
1205,RPOWER,EQ,5035951,4241792,84.23
1206,RPPINFRA,EQ,1829,1777,97.16
1207,RPPL,SM,1000,1000,100.00
1208,RSSOFTWARE,EQ,5273,3190,60.50
1209,RSWM,EQ,8197,6436,78.52
1210,RSYSTEMS,EQ,5710,4785,83.80
1211,RTNPOWER,EQ,1177647,926544,78.68
1212,RUBYMILLS,EQ,2774,2424,87.38
1213,RUCHIRA,EQ,27123,19472,71.79
1214,RUPA,EQ,13341,9608,72.02
1215,RUSHIL,EQ,2234,1599,71.58
1216,RVNL,EQ,3636983,1906297,52.41
1217,SADBHIN,EQ,29254,29254,100.00
1218,SAFARI,EQ,3712,2104,56.68
1219,SAGCEM,EQ,9355,3400,36.34
1220,SAIL,EQ,17373672,3003648,17.29
1221,SAKAR,EQ,572,558,97.55
1222,SAKSOFT,EQ,2438,1902,78.01
1223,SAKUMA,EQ,176793,124716,70.54
1224,SALASAR,EQ,44293,28712,64.82
1225,SALONA,EQ,238,168,70.59
1226,SALZERELEC,EQ,19895,16722,84.05
1227,SAMBHAAV,EQ,2932,2631,89.73
1228,SANCO,EQ,10865,7002,64.45
1229,SANDESH,EQ,177,150,84.75
1230,SANDHAR,EQ,1159,643,55.48
1231,SANGAMIND,EQ,2058,1249,60.69
1232,SANGHIIND,EQ,363057,285118,78.53
1233,SANGHVIMOV,EQ,2294,1885,82.17
1234,SANGINITA,EQ,47446,15917,33.55
1235,SANOFI,EQ,11238,6439,57.30
1236,SARDAEN,EQ,13096,9920,75.75
1237,SAREGAMA,EQ,28109,7858,27.96
1238,SARLAPOLY,EQ,29001,26517,91.43
1239,SARVESHWAR,SM,8000,8000,100.00
1240,SASKEN,EQ,2083,1135,54.49
1241,SATIA,EQ,1596,889,55.70
1242,SATIN,EQ,201897,156127,77.33
1243,SBICARD,EQ,5257015,2421122,46.06
1244,SBIETFQLTY,EQ,1183,922,77.94
1245,SBILIFE,EQ,1507478,1049433,69.62
1246,SBIN,EQ,87069955,21241024,24.40
1247,SBIN,N2,65,58,89.23
1248,SBIN,N5,447,445,99.55
1249,SBIN,N6,22,15,68.18
1250,SCHAEFFLER,EQ,1478,1022,69.15
1251,SCHNEIDER,EQ,239847,50957,21.25
1252,SCI,EQ,1589724,537505,33.81
1253,SCPOFA1GR,MF,10000,10000,100.00
1254,SEAMECLTD,EQ,53257,27214,51.10
1255,SECL,SM,9000,9000,100.00
1256,SELAN,EQ,15667,9984,63.73
1257,SEQUENT,EQ,383010,269520,70.37
1258,SERVOTECH,SM,4000,4000,100.00
1259,SESHAPAPER,EQ,7488,6410,85.60
1260,SETCO,EQ,20806,15148,72.81
1261,SETF10GILT,EQ,958,748,78.08
1262,SETFGOLD,EQ,9322,7314,78.46
1263,SETFNIF50,EQ,273637,222150,81.18
1264,SETFNIFBK,EQ,412406,308446,74.79
1265,SETFNN50,EQ,4326,3769,87.12
1266,SEYAIND,EQ,43354,26948,62.16
1267,SFL,EQ,2731,1833,67.12
1268,SGBAPR28I,GB,266,266,100.00
1269,SGBAUG24,GB,227,222,97.80
1270,SGBAUG27,GB,363,363,100.00
1271,SGBDC27VII,GB,56,53,94.64
1272,SGBDEC2512,GB,20,20,100.00
1273,SGBDEC2513,GB,7,7,100.00
1274,SGBFEB24,GB,73,73,100.00
1275,SGBFEB27,GB,1,1,100.00
1276,SGBJAN26,GB,50,50,100.00
1277,SGBJAN27,GB,33,33,100.00
1278,SGBJUL25,GB,107,107,100.00
1279,SGBJUL27,GB,117,117,100.00
1280,SGBJUN27,GB,4,4,100.00
1281,SGBMAR24,GB,23,13,56.52
1282,SGBMAR25,GB,19,17,89.47
1283,SGBMAR28X,GB,26,25,96.15
1284,SGBMAY25,GB,6,6,100.00
1285,SGBMAY26,GB,78,78,100.00
1286,SGBNOV23,GB,14,8,57.14
1287,SGBNOV24,GB,221,220,99.55
1288,SGBNOV25,GB,10,6,60.00
1289,SGBNOV25VI,GB,18,18,100.00
1290,SGBNOV26,GB,136,136,100.00
1291,SGBOCT25,GB,60,55,91.67
1292,SGBOCT25IV,GB,70,70,100.00
1293,SGBOCT26,GB,3,3,100.00
1294,SGBOCT27,GB,18,17,94.44
1295,SGBOCT27VI,GB,200,153,76.50
1296,SGBSEP24,GB,157,157,100.00
1297,SGBSEP27,GB,1,1,100.00
1298,SGL,EQ,19849,17750,89.43
1299,SHAHALLOYS,EQ,800,800,100.00
1300,SHALBY,EQ,57892,36392,62.86
1301,SHALPAINTS,EQ,16476,9822,59.61
1302,SHANKARA,EQ,10294,5908,57.39
1303,SHANTIGEAR,EQ,10202,6083,59.63
1304,SHARDACROP,EQ,8102,4853,59.90
1305,SHARDAMOTR,EQ,779,502,64.44
1306,SHARIABEES,EQ,175,64,36.57
1307,SHEMAROO,EQ,56741,51994,91.63
1308,SHIL,EQ,15727,10785,68.58
1309,SHILPAMED,EQ,75245,36868,49.00
1310,SHIRPUR-G,EQ,24733,17957,72.60
1311,SHIVAMAUTO,EQ,36329,24748,68.12
1312,SHIVAMILLS,EQ,1674,1086,64.87
1313,SHK,EQ,143622,97283,67.74
1314,SHOPERSTOP,EQ,242814,177797,73.22
1315,SHREDIGCEM,EQ,1949676,840426,43.11
1316,SHREECEM,EQ,97537,26449,27.12
1317,SHREEPUSHK,EQ,15546,9085,58.44
1318,SHREERAMA,EQ,2078,1778,85.56
1319,SHRENIK,EQ,9152,8752,95.63
1320,SHREYANIND,EQ,19712,13140,66.66
1321,SHREYAS,EQ,3343,2265,67.75
1322,SHRIRAMCIT,EQ,5264,3015,57.28
1323,SHRIRAMEPC,EQ,61214,55994,91.47
1324,SHUBHLAXMI,SM,2000,2000,100.00
1325,SHYAMCENT,EQ,31867,29867,93.72
1326,SICAGEN,EQ,8383,7355,87.74
1327,SIEMENS,EQ,529986,201936,38.10
1328,SIGIND,EQ,59967,49358,82.31
1329,SIKKO,SM,4000,4000,100.00
1330,SILINV,EQ,3414,1851,54.22
1331,SILLYMONKS,SM,7920,5280,66.67
1332,SIMBHALS,EQ,21014,15056,71.65
1333,SIMPLEXINF,EQ,187174,129627,69.25
1334,SINTERCOM,SM,2000,2000,100.00
1335,SINTEX,EQ,9511265,5919999,62.24
1336,SIRCA,EQ,14410,10250,71.13
1337,SIS,EQ,20143,13863,68.82
1338,SIYSIL,EQ,49233,22032,44.75
1339,SJVN,EQ,498954,283165,56.75
1340,SKFINDIA,EQ,8352,5742,68.75
1341,SKIPPER,EQ,83770,60597,72.34
1342,SKMEGGPROD,EQ,17718,10189,57.51
1343,SMARTLINK,EQ,16227,6004,37.00
1344,SMLISUZU,EQ,18422,9090,49.34
1345,SMSLIFE,EQ,5717,2817,49.27
1346,SMSPHARMA,EQ,32407,20858,64.36
1347,SNOWMAN,EQ,105742,61785,58.43
1348,SOBHA,EQ,227913,158359,69.48
1349,SOLARA,EQ,9116,5157,56.57
1350,SOLARINDS,EQ,2425,1775,73.20
1351,SOMANYCERA,EQ,54584,25360,46.46
1352,SOMATEX,EQ,960,960,100.00
1353,SOMICONVEY,EQ,2020,1784,88.32
1354,SONATSOFTW,EQ,218107,95313,43.70
1355,SORILINFRA,EQ,20187,9632,47.71
1356,SOTL,EQ,763,477,62.52
1357,SOUTHBANK,EQ,9804543,5069614,51.71
1358,SOUTHWEST,EQ,46858,20315,43.35
1359,SPAL,EQ,12638,9758,77.21
1360,SPANDANA,EQ,21569,13172,61.07
1361,SPARC,EQ,348077,88607,25.46
1362,SPECIALITY,EQ,34159,24566,71.92
1363,SPENCERS,EQ,5669101,866358,15.28
1364,SPIC,EQ,41190,24466,59.40
1365,SPICEJET,EQ,1185295,1091666,92.10
1366,SPLIL,EQ,9618,7434,77.29
1367,SPMLINFRA,EQ,2935,2935,100.00
1368,SREEL,EQ,1456,1195,82.07
1369,SREIBNPNCD,NJ,19,19,100.00
1370,SREIBNPNCD,NL,100,100,100.00
1371,SREIBNPNCD,NS,160,150,93.75
1372,SREIBNPNCD,Y1,41,41,100.00
1373,SREINFRA,EQ,771228,414137,53.70
1374,SRF,EQ,159425,39565,24.82
1375,SRHHYPOLTD,EQ,5766,4915,85.24
1376,SRIPIPES,EQ,37208,19104,51.34
1377,SRTRANSFIN,EQ,8729151,1039128,11.90
1378,SRTRANSFIN,Y3,55,50,90.91
1379,SRTRANSFIN,Y6,31,31,100.00
1380,SRTRANSFIN,Y9,288,228,79.17
1381,SRTRANSFIN,YB,421,371,88.12
1382,SRTRANSFIN,YG,10,10,100.00
1383,SRTRANSFIN,YH,121,71,58.68
1384,SRTRANSFIN,YI,33,33,100.00
1385,SRTRANSFIN,YJ,241,241,100.00
1386,SRTRANSFIN,YK,612,428,69.93
1387,SRTRANSFIN,YL,100,100,100.00
1388,SRTRANSFIN,YM,110,110,100.00
1389,SRTRANSFIN,YN,263,238,90.49
1390,SRTRANSFIN,YO,11,11,100.00
1391,SRTRANSFIN,YQ,289,189,65.40
1392,SRTRANSFIN,YS,18,18,100.00
1393,SRTRANSFIN,YV,290,240,82.76
1394,SRTRANSFIN,YW,48,48,100.00
1395,SRTRANSFIN,YX,450,450,100.00
1396,SRTRANSFIN,Z1,150,150,100.00
1397,SRTRANSFIN,Z2,115,115,100.00
1398,SRTRANSFIN,Z5,53,53,100.00
1399,SRTRANSFIN,Z9,70,70,100.00
1400,SRTRANSFIN,ZE,130,50,38.46
1401,SSWL,EQ,5414,3593,66.36
1402,STAMPEDE,EQ,58028,58028,100.00
1403,STAN,DR,15977,13511,84.57
1404,STAR,EQ,788675,163247,20.70
1405,STARCEMENT,EQ,46556,20824,44.73
1406,STARPAPER,EQ,63524,26888,42.33
1407,STEELCITY,EQ,2282,2033,89.09
1408,STEELXIND,EQ,13019,11419,87.71
1409,STEL,EQ,3524,1903,54.00
1410,STERTOOLS,EQ,10407,7875,75.67
1411,STINDIA,EQ,909,909,100.00
1412,STRTECH,EQ,766400,262449,34.24
1413,SUBEX,EQ,143235,143235,100.00
1414,SUBROS,EQ,24143,14751,61.10
1415,SUDARSCHEM,EQ,115337,26599,23.06
1416,SUMEETINDS,EQ,130122,103362,79.43
1417,SUMICHEM,EQ,120961,69343,57.33
1418,SUMMITSEC,EQ,351,166,47.29
1419,SUNCLAYLTD,EQ,694,535,77.09
1420,SUNDARAM,EQ,71207,61006,85.67
1421,SUNDARMFIN,EQ,17018,9614,56.49
1422,SUNDARMHLD,EQ,8879,7749,87.27
1423,SUNDRMBRAK,EQ,764,609,79.71
1424,SUNDRMFAST,EQ,40267,20822,51.71
1425,SUNFLAG,EQ,47971,29657,61.82
1426,SUNPHARMA,EQ,10194360,2323604,22.79
1427,SUNTECK,EQ,158761,30880,19.45
1428,SUNTV,EQ,3506414,485173,13.84
1429,SUPERHOUSE,EQ,3459,2963,85.66
1430,SUPPETRO,EQ,6661,4269,64.09
1431,SUPRAJIT,EQ,49061,32650,66.55
1432,SUPREMEIND,EQ,301593,57828,19.17
1433,SURANASOL,EQ,4236,3425,80.85
1434,SURANAT&P,EQ,478,420,87.87
1435,SURYAROSNI,EQ,20210,14385,71.18
1436,SUTLEJTEX,EQ,10761,10178,94.58
1437,SUVEN,EQ,1006674,695651,69.10
1438,SUVENPHAR,EQ,60255,43744,72.60
1439,SUZLON,EQ,37159274,11644096,31.34
1440,SWANENERGY,EQ,70785,16387,23.15
1441,SWARAJENG,EQ,2560,1656,64.69
1442,SWELECTES,EQ,1227,968,78.89
1443,SWSOLAR,EQ,913093,490686,53.74
1444,SYMPHONY,EQ,22680,11006,48.53
1445,SYNGENE,EQ,501613,297271,59.26
1446,TAINWALCHM,EQ,1078,1003,93.04
1447,TAJGVK,EQ,110464,27330,24.74
1448,TAKE,EQ,34396,25605,74.44
1449,TALBROAUTO,EQ,11938,7029,58.88
1450,TANLA,EQ,117829,100173,85.02
1451,TARMAT,EQ,1015,907,89.36
1452,TASTYBITE,EQ,1705,1368,80.23
1453,TATACAPHSG,N2,100,100,100.00
1454,TATACAPHSG,N4,565,565,100.00
1455,TATACAPHSG,N6,30,30,100.00
1456,TATACHEM,EQ,2854398,663862,23.26
1457,TATACOFFEE,EQ,224703,65776,29.27
1458,TATACOMM,EQ,258950,154502,59.66
1459,TATACONSUM,EQ,3958853,1917147,48.43
1460,TATAELXSI,EQ,283314,68177,24.06
1461,TATAINVEST,EQ,7058,3158,44.74
1462,TATAMETALI,EQ,15126,7319,48.39
1463,TATAMOTORS,EQ,29252936,3797520,12.98
1464,TATAMTRDVR,EQ,1691515,404647,23.92
1465,TATAPOWER,EQ,40499126,9788491,24.17
1466,TATASTEEL,E1,27392,17335,63.28
1467,TATASTEEL,EQ,10656911,1811193,17.00
1468,TATASTLBSL,EQ,1349066,659854,48.91
1469,TATASTLLP,EQ,6805,4737,69.61
1470,TBZ,EQ,29866,19133,64.06
1471,TCFSL,NB,2331,1870,80.22
1472,TCFSL,ND,5458,4828,88.46
1473,TCFSL,NH,142,142,100.00
1474,TCFSL,NL,165,128,77.58
1475,TCI,EQ,14803,9746,65.84
1476,TCIDEVELOP,EQ,1750,1100,62.86
1477,TCIEXP,EQ,198732,126645,63.73
1478,TCIFINANCE,EQ,5590,5524,98.82
1479,TCNSBRANDS,EQ,1357,1015,74.80
1480,TCPLPACK,EQ,2289,2022,88.34
1481,TCS,EQ,3663422,1423498,38.86
1482,TDPOWERSYS,EQ,6383,3571,55.95
1483,TEAMLEASE,EQ,1439,945,65.67
1484,TECHIN,EQ,1782,1782,100.00
1485,TECHM,EQ,4254552,2127756,50.01
1486,TECHNOE,EQ,2181,1506,69.05
1487,TECHNOFAB,EQ,8839,7730,87.45
1488,TERASOFT,EQ,15759,9164,58.15
1489,TEXINFRA,EQ,2039,1742,85.43
1490,TEXMOPIPES,EQ,20051,13504,67.35
1491,TEXRAIL,EQ,56841,33579,59.08
1492,TFCILTD,EQ,59956,44735,74.61
1493,TFL,EQ,230,230,100.00
1494,TGBHOTELS,EQ,1484,1449,97.64
1495,THANGAMAYL,EQ,4870,3791,77.84
1496,THEINVEST,EQ,1669,1095,65.61
1497,THERMAX,EQ,9079,3195,35.19
1498,THOMASCOOK,EQ,630695,494557,78.41
1499,THYROCARE,EQ,50041,29739,59.43
1500,TI,EQ,78284,42722,54.57
1501,TIDEWATER,EQ,451,298,66.08
1502,TIIL,EQ,386,265,68.65
1503,TIINDIA,EQ,22563,14224,63.04
1504,TIJARIA,EQ,6100,4838,79.31
1505,TIL,EQ,1850,1157,62.54
1506,TIMESGTY,EQ,15,10,66.67
1507,TIMETECHNO,EQ,104826,82344,78.55
1508,TIMKEN,EQ,36574,29348,80.24
1509,TINPLATE,EQ,82205,28419,34.57
1510,TIPSINDLTD,EQ,1677,574,34.23
1511,TIRUMALCHM,EQ,160223,91365,57.02
1512,TIRUPATIFL,SM,3200,3200,100.00
1513,TITAN,EQ,1955678,601566,30.76
1514,TNPETRO,EQ,119597,68610,57.37
1515,TNPL,EQ,83427,45022,53.97
1516,TOKYOPLAST,EQ,2649,2508,94.68
1517,TORNTPHARM,EQ,648403,286333,44.16
1518,TORNTPOWER,EQ,2231671,620499,27.80
1519,TOUCHWOOD,EQ,6787,6200,91.35
1520,TPLPLASTEH,EQ,3267,1885,57.70
1521,TRANSWIND,SM,8000,8000,100.00
1522,TREEHOUSE,EQ,6476,4930,76.13
1523,TRENT,EQ,272172,79323,29.14
1524,TRIDENT,EQ,3306869,1725390,52.18
1525,TRIGYN,EQ,14133,8927,63.16
1526,TRIL,EQ,26339,22071,83.80
1527,TRITURBINE,EQ,11669,7738,66.31
1528,TRIVENI,EQ,792199,521081,65.78
1529,TTKHLTCARE,EQ,733,427,58.25
1530,TTKPRESTIG,EQ,1779,970,54.53
1531,TTL,EQ,2173,1706,78.51
1532,TV18BRDCST,EQ,3783844,1850620,48.91
1533,TVSELECT,EQ,17947,10021,55.84
1534,TVSMOTOR,EQ,2202580,155686,7.07
1535,TVSSRICHAK,EQ,123374,20268,16.43
1536,TVTODAY,EQ,13692,9613,70.21
1537,TWL,EQ,37357,19675,52.67
1538,UBL,EQ,1161776,181796,15.65
1539,UCALFUEL,EQ,9727,5464,56.17
1540,UCOBANK,EQ,660034,292087,44.25
1541,UFLEX,EQ,1005227,189744,18.88
1542,UFO,EQ,45085,26039,57.76
1543,UGARSUGAR,EQ,49329,32641,66.17
1544,UJAAS,EQ,123891,76665,61.88
1545,UJJIVAN,EQ,6926310,736761,10.64
1546,UJJIVANSFB,EQ,1222418,688363,56.31
1547,ULTRACEMCO,EQ,1021158,186237,18.24
1548,UMANGDAIRY,EQ,9261,6225,67.22
1549,UNICHEMLAB,EQ,247752,240758,97.18
1550,UNIENTER,EQ,1356,1101,81.19
1551,UNIONBANK,EQ,3422439,1032819,30.18
1552,UNIPLY,EQ,218602,175204,80.15
1553,UNITEDTEA,EQ,350,204,58.29
1554,UNIVCABLES,EQ,6511,3674,56.43
1555,UNIVPHOTO,EQ,3083,1974,64.03
1556,UPL,EQ,8545227,1467781,17.18
1557,USHAMART,EQ,172996,120355,69.57
1558,UTINEXT50,EQ,137,74,54.01
1559,UTINIFTETF,EQ,875,753,86.06
1560,UTISENSETF,EQ,3996,2634,65.92
1561,UTISXN50,EQ,14,14,100.00
1562,UTTAMSUGAR,EQ,37865,23985,63.34
1563,V2RETAIL,EQ,42523,22521,52.96
1564,VADILALIND,EQ,2650,1239,46.75
1565,VAIBHAVGBL,EQ,46010,20809,45.23
1566,VAISHALI,EQ,12164,1534,12.61
1567,VAKRANGEE,EQ,937259,782121,83.45
1568,VARDHACRLC,EQ,3150,2590,82.22
1569,VARROC,EQ,192031,113216,58.96
1570,VASA,SM,8000,8000,100.00
1571,VASCONEQ,EQ,50318,42433,84.33
1572,VASWANI,EQ,417,417,100.00
1573,VBL,EQ,204231,67177,32.89
1574,VEDL,EQ,15805466,3890453,24.61
1575,VENKEYS,EQ,20875,9233,44.23
1576,VERA,SM,1500,1500,100.00
1577,VERTOZ,EQ,28306,3141,11.10
1578,VESUVIUS,EQ,1069,459,42.94
1579,VETO,EQ,10291,9776,95.00
1580,VGUARD,EQ,162588,36016,22.15
1581,VHL,EQ,57,39,68.42
1582,VIDHIING,EQ,17049,12150,71.27
1583,VIJIFIN,EQ,84469,84447,99.97
1584,VIKASECO,EQ,3147092,1668850,53.03
1585,VIKASPROP,EQ,345949,345949,100.00
1586,VIKASWSP,EQ,1416323,701926,49.56
1587,VIMTALABS,EQ,14799,7862,53.13
1588,VINATIORGA,EQ,33979,11759,34.61
1589,VINDHYATEL,EQ,1662,845,50.84
1590,VINYLINDIA,EQ,1579054,278657,17.65
1591,VIPCLOTHNG,EQ,36410,15053,41.34
1592,VIPIND,EQ,332335,151660,45.63
1593,VIPULLTD,EQ,5299,3101,58.52
1594,VISAKAIND,EQ,7850,4935,62.87
1595,VISHNU,EQ,4428,2472,55.83
1596,VISHWARAJ,EQ,1113,845,75.92
1597,VIVIDHA,EQ,28050,27050,96.43
1598,VLSFINANCE,EQ,5799,3035,52.34
1599,VMART,EQ,14740,9973,67.66
1600,VOLTAMP,EQ,2205,1222,55.42
1601,VOLTAS,EQ,2146202,373784,17.42
1602,VRLLOG,EQ,13545,8739,64.52
1603,VSSL,EQ,1494,981,65.66
1604,VSTIND,EQ,69269,21779,31.44
1605,VSTTILLERS,EQ,2367,1232,52.05
1606,VTL,EQ,5666,4064,71.73
1607,WABAG,EQ,198120,155259,78.37
1608,WABCOINDIA,EQ,28247,18302,64.79
1609,WATERBASE,EQ,104783,56868,54.27
1610,WEIZMANIND,EQ,1035,562,54.30
1611,WELCORP,EQ,583207,399682,68.53
1612,WELENT,EQ,65446,51616,78.87
1613,WELSPUNIND,EQ,378394,282375,74.62
1614,WENDT,EQ,81,47,58.02
1615,WESTLIFE,EQ,91339,58104,63.61
1616,WHEELS,EQ,1028,676,65.76
1617,WHIRLPOOL,EQ,15883,7750,48.79
1618,WILLAMAGOR,EQ,296,185,62.50
1619,WIPRO,EQ,4588831,766469,16.70
1620,WOCKPHARMA,EQ,355430,78732,22.15
1621,WONDERLA,EQ,101935,75251,73.82
1622,WSTCSTPAPR,EQ,16618,12550,75.52
1623,XCHANGING,EQ,21186,18504,87.34
1624,XELPMOC,EQ,377,148,39.26
1625,XPROINDIA,EQ,8084,3579,44.27
1626,YESBANK,EQ,14604827,5549183,38.00
1627,ZEEL,EQ,38378398,5580384,14.54
1628,ZEEL,P2,29191,23100,79.13
1629,ZEELEARN,EQ,250273,174961,69.91
1630,ZENITHEXPO,EQ,1129,959,84.94
1631,ZENSARTECH,EQ,72371,64234,88.76
1632,ZENTEC,EQ,48940,26639,54.43
1633,ZICOM,EQ,300,300,100.00
1634,ZODIAC,SM,2000,2000,100.00
1635,ZODIACLOTH,EQ,12200,6412,52.56
1636,ZODJRDMKJ,EQ,429,322,75.06
1637,ZOTA,EQ,44799,24775,55.30
1638,ZUARIGLOB,EQ,13779,6252,45.37
1639,ZYDUSWELL,EQ,8190,4000,48.84
